{"v":"4.8.0","meta":{"g":"LottieFiles AE 3.1.1","a":"","k":"","d":"","tc":""},"fr":30,"ip":0,"op":301,"w":800,"h":800,"nm":"main","ddd":0,"assets":[],"layers":[{"ddd":0,"ind":1,"ty":4,"nm":"Isolation Mode 6","sr":1,"ks":{"o":{"a":0,"k":100,"ix":11},"r":{"a":1,"k":[{"i":{"x":[0.667],"y":[1]},"o":{"x":[0.333],"y":[0]},"t":0,"s":[0]},{"i":{"x":[0.667],"y":[1]},"o":{"x":[0.333],"y":[0]},"t":57,"s":[11]},{"i":{"x":[0.667],"y":[1]},"o":{"x":[0.333],"y":[0]},"t":112,"s":[-19]},{"i":{"x":[0.667],"y":[1]},"o":{"x":[0.333],"y":[0]},"t":166,"s":[11]},{"i":{"x":[0.667],"y":[1]},"o":{"x":[0.333],"y":[0]},"t":221,"s":[-19]},{"t":300,"s":[0]}],"ix":10},"p":{"a":1,"k":[{"i":{"x":0.667,"y":1},"o":{"x":0.333,"y":0},"t":0,"s":[457.073,422.776,0],"to":[0,0,0],"ti":[0,0,0]},{"i":{"x":0.667,"y":1},"o":{"x":0.333,"y":0},"t":88,"s":[457.073,432.776,0],"to":[0,0,0],"ti":[0,0,0]},{"i":{"x":0.667,"y":1},"o":{"x":0.333,"y":0},"t":196,"s":[457.073,410.776,0],"to":[0,0,0],"ti":[0,0,0]},{"t":300,"s":[457.073,422.776,0]}],"ix":2},"a":{"a":0,"k":[67.211,46.369,0],"ix":1},"s":{"a":0,"k":[100,100,100],"ix":6}},"ao":0,"shapes":[{"ty":"gr","it":[{"ty":"gr","it":[{"ind":0,"ty":"sh","ix":1,"ks":{"a":0,"k":{"i":[[5.674,1.499],[2.763,-4.276],[0.146,-0.173],[8.071,-7.303],[0.033,-0.027],[1.005,-1.748],[-9.234,5.431],[-4.423,5.839],[-2.188,3.611]],"o":[[-5.608,-1.612],[-0.117,0.139],[-4.895,5.711],[-0.033,0.028],[-1.597,1.109],[-6.795,8.356],[6.435,-3.54],[2.842,-3.112],[3.094,-5.029]],"v":[[196.948,120.04],[184.827,126.604],[184.449,127.053],[170.1,139.584],[169.998,139.665],[165.494,143.311],[178.295,157.893],[194.652,143.509],[202.441,133.54]],"c":true},"ix":2},"nm":"Path 1","mn":"ADBE Vector Shape - Group","hd":false},{"ty":"fl","c":{"a":0,"k":[0,0,0,1],"ix":4},"o":{"a":0,"k":100,"ix":5},"r":1,"bm":0,"nm":"Fill 1","mn":"ADBE Vector Graphic - Fill","hd":false},{"ty":"tr","p":{"a":0,"k":[0,0],"ix":2},"a":{"a":0,"k":[0,0],"ix":1},"s":{"a":0,"k":[100,100],"ix":3},"r":{"a":0,"k":0,"ix":6},"o":{"a":0,"k":100,"ix":7},"sk":{"a":0,"k":0,"ix":4},"sa":{"a":0,"k":0,"ix":5},"nm":"Transform"}],"nm":"Group 1","np":2,"cix":2,"bm":0,"ix":1,"mn":"ADBE Vector Group","hd":false},{"ty":"tr","p":{"a":0,"k":[0,0],"ix":2},"a":{"a":0,"k":[0,0],"ix":1},"s":{"a":0,"k":[100,100],"ix":3},"r":{"a":0,"k":0,"ix":6},"o":{"a":0,"k":20,"ix":7},"sk":{"a":0,"k":0,"ix":4},"sa":{"a":0,"k":0,"ix":5},"nm":"Transform"}],"nm":"Group 1","np":1,"cix":2,"bm":0,"ix":1,"mn":"ADBE Vector Group","hd":false},{"ty":"gr","it":[{"ty":"gr","it":[{"ind":0,"ty":"sh","ix":1,"ks":{"a":0,"k":{"i":[[1.525,-0.915],[3.14,-3.703],[4.27,-4.06],[3.611,-2.752],[0.615,-0.379],[23.292,-4.289],[17.41,4.319],[12.738,8.58],[8.192,9.914],[0.002,0.003],[1.815,4.801],[1.447,5.05],[-0.008,5.899],[1.109,3.838],[1.192,-0.088],[-1.927,-15.154],[-12.554,-14.109],[-4.351,-3.585],[-11.967,-3.889],[-6.749,-0.794],[-0.054,-0.01],[-7.392,0.831],[-5.598,1.505],[-10.604,5.606],[-2.018,1.516],[-6.896,7.884],[-1.624,3.766],[-1.998,5.645]],"o":[[-3.7,3.126],[-0.579,1.067],[-3.696,3.299],[-0.638,0.126],[-18.416,13.326],[-11.057,2.066],[-12.197,-2.84],[-5.41,-3.798],[-0.002,-0.003],[-8.813,-12.055],[-1.83,-4.931],[-2.132,-6.939],[-1.343,-3.759],[-1.088,-0.49],[-1.97,15.222],[3.311,13.103],[10.129,11.147],[10.15,7.321],[6.535,1.898],[0.044,0.009],[7.33,1.335],[5.804,-0.48],[11.615,-2.852],[4.305,-2.656],[13.028,-8.113],[1.79,-3.704],[2.031,-5.633],[-1.568,-0.611]],"v":[[172.926,71.968],[164.374,83.833],[151.965,97.466],[141.112,106.423],[139.221,107.169],[83.674,129.65],[42.476,129.136],[11.653,114.377],[-14.001,90.052],[-14.006,90.046],[-27.654,62.653],[-32.309,47.61],[-35.093,32.343],[-38.784,20.945],[-42.267,20.296],[-42.03,65.942],[-22.082,107.365],[-0.663,125.961],[32.247,143.862],[52.328,147.346],[52.441,147.369],[74.652,147.906],[91.627,144.224],[125.444,132.212],[133.26,127.002],[166.63,99.732],[171.776,88.535],[177.845,71.627]],"c":true},"ix":2},"nm":"Path 1","mn":"ADBE Vector Shape - Group","hd":false},{"ty":"fl","c":{"a":0,"k":[0,0,0,1],"ix":4},"o":{"a":0,"k":100,"ix":5},"r":1,"bm":0,"nm":"Fill 1","mn":"ADBE Vector Graphic - Fill","hd":false},{"ty":"tr","p":{"a":0,"k":[0,0],"ix":2},"a":{"a":0,"k":[0,0],"ix":1},"s":{"a":0,"k":[100,100],"ix":3},"r":{"a":0,"k":0,"ix":6},"o":{"a":0,"k":100,"ix":7},"sk":{"a":0,"k":0,"ix":4},"sa":{"a":0,"k":0,"ix":5},"nm":"Transform"}],"nm":"Group 1","np":2,"cix":2,"bm":0,"ix":1,"mn":"ADBE Vector Group","hd":false},{"ty":"tr","p":{"a":0,"k":[0,0],"ix":2},"a":{"a":0,"k":[0,0],"ix":1},"s":{"a":0,"k":[100,100],"ix":3},"r":{"a":0,"k":0,"ix":6},"o":{"a":0,"k":20,"ix":7},"sk":{"a":0,"k":0,"ix":4},"sa":{"a":0,"k":0,"ix":5},"nm":"Transform"}],"nm":"Group 2","np":1,"cix":2,"bm":0,"ix":2,"mn":"ADBE Vector Group","hd":false},{"ty":"gr","it":[{"ty":"gr","it":[{"ind":0,"ty":"sh","ix":1,"ks":{"a":0,"k":{"i":[[0.062,0],[0.088,0.553],[0,0],[-0.614,0.099],[-0.097,-0.617],[0,0],[0.614,-0.099]],"o":[[-0.542,0],[0,0],[-0.102,-0.614],[0.599,-0.108],[0,0],[0.101,0.615],[-0.062,0.011]],"v":[[301.874,250.319],[300.763,249.372],[298.493,235.331],[299.424,234.038],[300.717,234.97],[302.988,249.01],[302.056,250.303]],"c":true},"ix":2},"nm":"Path 1","mn":"ADBE Vector Shape - Group","hd":false},{"ty":"fl","c":{"a":0,"k":[0,0,0,1],"ix":4},"o":{"a":0,"k":100,"ix":5},"r":1,"bm":0,"nm":"Fill 1","mn":"ADBE Vector Graphic - Fill","hd":false},{"ty":"tr","p":{"a":0,"k":[0,0],"ix":2},"a":{"a":0,"k":[0,0],"ix":1},"s":{"a":0,"k":[100,100],"ix":3},"r":{"a":0,"k":0,"ix":6},"o":{"a":0,"k":100,"ix":7},"sk":{"a":0,"k":0,"ix":4},"sa":{"a":0,"k":0,"ix":5},"nm":"Transform"}],"nm":"Group 1","np":2,"cix":2,"bm":0,"ix":1,"mn":"ADBE Vector Group","hd":false},{"ty":"tr","p":{"a":0,"k":[0,0],"ix":2},"a":{"a":0,"k":[0,0],"ix":1},"s":{"a":0,"k":[100,100],"ix":3},"r":{"a":0,"k":0,"ix":6},"o":{"a":0,"k":100,"ix":7},"sk":{"a":0,"k":0,"ix":4},"sa":{"a":0,"k":0,"ix":5},"nm":"Transform"}],"nm":"Group 3","np":1,"cix":2,"bm":0,"ix":3,"mn":"ADBE Vector Group","hd":false},{"ty":"gr","it":[{"ty":"gr","it":[{"ind":0,"ty":"sh","ix":1,"ks":{"a":0,"k":{"i":[[0.04,0],[0.06,0.582],[0,0],[-0.621,0.064],[-0.064,-0.621],[0,0],[0.621,-0.064]],"o":[[-0.57,0],[0,0],[-0.064,-0.619],[0.575,-0.088],[0,0],[0.064,0.619],[-0.038,0.004]],"v":[[287.23,251.99],[286.11,250.977],[282.877,219.552],[283.884,218.317],[285.119,219.323],[288.353,250.748],[287.346,251.984]],"c":true},"ix":2},"nm":"Path 1","mn":"ADBE Vector Shape - Group","hd":false},{"ty":"fl","c":{"a":0,"k":[0,0,0,1],"ix":4},"o":{"a":0,"k":100,"ix":5},"r":1,"bm":0,"nm":"Fill 1","mn":"ADBE Vector Graphic - Fill","hd":false},{"ty":"tr","p":{"a":0,"k":[0,0],"ix":2},"a":{"a":0,"k":[0,0],"ix":1},"s":{"a":0,"k":[100,100],"ix":3},"r":{"a":0,"k":0,"ix":6},"o":{"a":0,"k":100,"ix":7},"sk":{"a":0,"k":0,"ix":4},"sa":{"a":0,"k":0,"ix":5},"nm":"Transform"}],"nm":"Group 1","np":2,"cix":2,"bm":0,"ix":1,"mn":"ADBE Vector Group","hd":false},{"ty":"tr","p":{"a":0,"k":[0,0],"ix":2},"a":{"a":0,"k":[0,0],"ix":1},"s":{"a":0,"k":[100,100],"ix":3},"r":{"a":0,"k":0,"ix":6},"o":{"a":0,"k":100,"ix":7},"sk":{"a":0,"k":0,"ix":4},"sa":{"a":0,"k":0,"ix":5},"nm":"Transform"}],"nm":"Group 4","np":1,"cix":2,"bm":0,"ix":4,"mn":"ADBE Vector Group","hd":false},{"ty":"gr","it":[{"ty":"gr","it":[{"ind":0,"ty":"sh","ix":1,"ks":{"a":0,"k":{"i":[[0.031,0],[0.044,0.593],[0,0],[-0.621,0.046],[-0.046,-0.623],[0,0],[0.621,-0.046]],"o":[[-0.582,0],[0,0],[-0.048,-0.621],[0.57,-0.097],[0,0],[0.049,0.619],[-0.028,0.005]],"v":[[272.275,240.342],[271.154,239.3],[268.389,203.47],[269.427,202.261],[270.636,203.298],[273.4,239.128],[272.363,240.337]],"c":true},"ix":2},"nm":"Path 1","mn":"ADBE Vector Shape - Group","hd":false},{"ty":"fl","c":{"a":0,"k":[0,0,0,1],"ix":4},"o":{"a":0,"k":100,"ix":5},"r":1,"bm":0,"nm":"Fill 1","mn":"ADBE Vector Graphic - Fill","hd":false},{"ty":"tr","p":{"a":0,"k":[0,0],"ix":2},"a":{"a":0,"k":[0,0],"ix":1},"s":{"a":0,"k":[100,100],"ix":3},"r":{"a":0,"k":0,"ix":6},"o":{"a":0,"k":100,"ix":7},"sk":{"a":0,"k":0,"ix":4},"sa":{"a":0,"k":0,"ix":5},"nm":"Transform"}],"nm":"Group 1","np":2,"cix":2,"bm":0,"ix":1,"mn":"ADBE Vector Group","hd":false},{"ty":"tr","p":{"a":0,"k":[0,0],"ix":2},"a":{"a":0,"k":[0,0],"ix":1},"s":{"a":0,"k":[100,100],"ix":3},"r":{"a":0,"k":0,"ix":6},"o":{"a":0,"k":100,"ix":7},"sk":{"a":0,"k":0,"ix":4},"sa":{"a":0,"k":0,"ix":5},"nm":"Transform"}],"nm":"Group 5","np":1,"cix":2,"bm":0,"ix":5,"mn":"ADBE Vector Group","hd":false},{"ty":"gr","it":[{"ty":"gr","it":[{"ind":0,"ty":"sh","ix":1,"ks":{"a":0,"k":{"i":[[0.02,0],[0.033,0.601],[0,0],[-0.621,0.033],[-0.035,-0.621],[0,0],[0.621,-0.033]],"o":[[-0.597,0],[0,0],[-0.035,-0.623],[0.727,-0.079],[0,0],[0.035,0.623],[-0.022,0.002]],"v":[[256.476,227.375],[255.351,226.31],[253.36,189.506],[254.423,188.319],[255.611,189.383],[257.602,226.186],[256.538,227.374]],"c":true},"ix":2},"nm":"Path 1","mn":"ADBE Vector Shape - Group","hd":false},{"ty":"fl","c":{"a":0,"k":[0,0,0,1],"ix":4},"o":{"a":0,"k":100,"ix":5},"r":1,"bm":0,"nm":"Fill 1","mn":"ADBE Vector Graphic - Fill","hd":false},{"ty":"tr","p":{"a":0,"k":[0,0],"ix":2},"a":{"a":0,"k":[0,0],"ix":1},"s":{"a":0,"k":[100,100],"ix":3},"r":{"a":0,"k":0,"ix":6},"o":{"a":0,"k":100,"ix":7},"sk":{"a":0,"k":0,"ix":4},"sa":{"a":0,"k":0,"ix":5},"nm":"Transform"}],"nm":"Group 1","np":2,"cix":2,"bm":0,"ix":1,"mn":"ADBE Vector Group","hd":false},{"ty":"tr","p":{"a":0,"k":[0,0],"ix":2},"a":{"a":0,"k":[0,0],"ix":1},"s":{"a":0,"k":[100,100],"ix":3},"r":{"a":0,"k":0,"ix":6},"o":{"a":0,"k":100,"ix":7},"sk":{"a":0,"k":0,"ix":4},"sa":{"a":0,"k":0,"ix":5},"nm":"Transform"}],"nm":"Group 6","np":1,"cix":2,"bm":0,"ix":6,"mn":"ADBE Vector Group","hd":false},{"ty":"gr","it":[{"ty":"gr","it":[{"ind":0,"ty":"sh","ix":1,"ks":{"a":0,"k":{"i":[[0.013,0],[0.024,0.608],[0,0],[-0.623,0.024],[-0.024,-0.621],[0,0],[0.623,-0.024]],"o":[[-0.604,0],[0,0],[-0.022,-0.621],[0.661,0.031],[0,0],[0.022,0.621],[-0.013,0]],"v":[[240.522,213.35],[239.394,212.264],[237.918,172.865],[239.004,171.695],[240.174,172.781],[241.649,212.181],[240.563,213.35]],"c":true},"ix":2},"nm":"Path 1","mn":"ADBE Vector Shape - Group","hd":false},{"ty":"fl","c":{"a":0,"k":[0,0,0,1],"ix":4},"o":{"a":0,"k":100,"ix":5},"r":1,"bm":0,"nm":"Fill 1","mn":"ADBE Vector Graphic - Fill","hd":false},{"ty":"tr","p":{"a":0,"k":[0,0],"ix":2},"a":{"a":0,"k":[0,0],"ix":1},"s":{"a":0,"k":[100,100],"ix":3},"r":{"a":0,"k":0,"ix":6},"o":{"a":0,"k":100,"ix":7},"sk":{"a":0,"k":0,"ix":4},"sa":{"a":0,"k":0,"ix":5},"nm":"Transform"}],"nm":"Group 1","np":2,"cix":2,"bm":0,"ix":1,"mn":"ADBE Vector Group","hd":false},{"ty":"tr","p":{"a":0,"k":[0,0],"ix":2},"a":{"a":0,"k":[0,0],"ix":1},"s":{"a":0,"k":[100,100],"ix":3},"r":{"a":0,"k":0,"ix":6},"o":{"a":0,"k":100,"ix":7},"sk":{"a":0,"k":0,"ix":4},"sa":{"a":0,"k":0,"ix":5},"nm":"Transform"}],"nm":"Group 7","np":1,"cix":2,"bm":0,"ix":7,"mn":"ADBE Vector Group","hd":false},{"ty":"gr","it":[{"ty":"gr","it":[{"ind":0,"ty":"sh","ix":1,"ks":{"a":0,"k":{"i":[[0.009,0],[0.013,0.612],[0,0],[-0.621,0.013],[-0.011,-0.621],[0,0],[0.621,-0.013]],"o":[[-0.612,0],[0,0],[-0.013,-0.623],[0.617,0.044],[0,0],[0.013,0.623],[-0.009,0]],"v":[[224.842,196.708],[223.714,195.607],[222.867,157.984],[223.968,156.83],[225.122,157.931],[225.97,195.554],[224.868,196.708]],"c":true},"ix":2},"nm":"Path 1","mn":"ADBE Vector Shape - Group","hd":false},{"ty":"fl","c":{"a":0,"k":[0,0,0,1],"ix":4},"o":{"a":0,"k":100,"ix":5},"r":1,"bm":0,"nm":"Fill 1","mn":"ADBE Vector Graphic - Fill","hd":false},{"ty":"tr","p":{"a":0,"k":[0,0],"ix":2},"a":{"a":0,"k":[0,0],"ix":1},"s":{"a":0,"k":[100,100],"ix":3},"r":{"a":0,"k":0,"ix":6},"o":{"a":0,"k":100,"ix":7},"sk":{"a":0,"k":0,"ix":4},"sa":{"a":0,"k":0,"ix":5},"nm":"Transform"}],"nm":"Group 1","np":2,"cix":2,"bm":0,"ix":1,"mn":"ADBE Vector Group","hd":false},{"ty":"tr","p":{"a":0,"k":[0,0],"ix":2},"a":{"a":0,"k":[0,0],"ix":1},"s":{"a":0,"k":[100,100],"ix":3},"r":{"a":0,"k":0,"ix":6},"o":{"a":0,"k":100,"ix":7},"sk":{"a":0,"k":0,"ix":4},"sa":{"a":0,"k":0,"ix":5},"nm":"Transform"}],"nm":"Group 8","np":1,"cix":2,"bm":0,"ix":8,"mn":"ADBE Vector Group","hd":false},{"ty":"gr","it":[{"ty":"gr","it":[{"ind":0,"ty":"sh","ix":1,"ks":{"a":0,"k":{"i":[[0.623,0],[0,0.623],[-0.72,7.854],[-0.13,2.601],[-0.703,-0.09],[0.031,-0.623],[0.441,-4.808],[0,-5.202]],"o":[[-0.623,0],[0,-5.305],[0.438,-4.784],[0.029,-0.619],[0.621,0.031],[-0.132,2.645],[-0.716,7.803],[0,0.623]],"v":[[208.37,181.52],[207.242,180.392],[208.777,158.332],[209.724,146.818],[210.907,145.75],[211.975,146.932],[211.024,158.54],[209.498,180.392]],"c":true},"ix":2},"nm":"Path 1","mn":"ADBE Vector Shape - Group","hd":false},{"ty":"fl","c":{"a":0,"k":[0,0,0,1],"ix":4},"o":{"a":0,"k":100,"ix":5},"r":1,"bm":0,"nm":"Fill 1","mn":"ADBE Vector Graphic - Fill","hd":false},{"ty":"tr","p":{"a":0,"k":[0,0],"ix":2},"a":{"a":0,"k":[0,0],"ix":1},"s":{"a":0,"k":[100,100],"ix":3},"r":{"a":0,"k":0,"ix":6},"o":{"a":0,"k":100,"ix":7},"sk":{"a":0,"k":0,"ix":4},"sa":{"a":0,"k":0,"ix":5},"nm":"Transform"}],"nm":"Group 1","np":2,"cix":2,"bm":0,"ix":1,"mn":"ADBE Vector Group","hd":false},{"ty":"tr","p":{"a":0,"k":[0,0],"ix":2},"a":{"a":0,"k":[0,0],"ix":1},"s":{"a":0,"k":[100,100],"ix":3},"r":{"a":0,"k":0,"ix":6},"o":{"a":0,"k":100,"ix":7},"sk":{"a":0,"k":0,"ix":4},"sa":{"a":0,"k":0,"ix":5},"nm":"Transform"}],"nm":"Group 9","np":1,"cix":2,"bm":0,"ix":9,"mn":"ADBE Vector Group","hd":false},{"ty":"gr","it":[{"ty":"gr","it":[{"ind":0,"ty":"sh","ix":1,"ks":{"a":0,"k":{"i":[[0.557,0],[0.048,0.007],[-0.079,0.617],[-1.905,10.495],[-0.608,-0.106],[0.11,-0.615],[1.383,-10.588]],"o":[[-0.048,0],[-0.619,-0.082],[1.39,-10.627],[0.112,-0.614],[0.612,0.112],[-1.901,10.455],[-0.075,0.568]],"v":[[192.279,166.105],[192.131,166.096],[191.158,164.832],[196.124,133.004],[197.437,132.097],[198.344,133.409],[193.395,165.123]],"c":true},"ix":2},"nm":"Path 1","mn":"ADBE Vector Shape - Group","hd":false},{"ty":"fl","c":{"a":0,"k":[0,0,0,1],"ix":4},"o":{"a":0,"k":100,"ix":5},"r":1,"bm":0,"nm":"Fill 1","mn":"ADBE Vector Graphic - Fill","hd":false},{"ty":"tr","p":{"a":0,"k":[0,0],"ix":2},"a":{"a":0,"k":[0,0],"ix":1},"s":{"a":0,"k":[100,100],"ix":3},"r":{"a":0,"k":0,"ix":6},"o":{"a":0,"k":100,"ix":7},"sk":{"a":0,"k":0,"ix":4},"sa":{"a":0,"k":0,"ix":5},"nm":"Transform"}],"nm":"Group 1","np":2,"cix":2,"bm":0,"ix":1,"mn":"ADBE Vector Group","hd":false},{"ty":"tr","p":{"a":0,"k":[0,0],"ix":2},"a":{"a":0,"k":[0,0],"ix":1},"s":{"a":0,"k":[100,100],"ix":3},"r":{"a":0,"k":0,"ix":6},"o":{"a":0,"k":100,"ix":7},"sk":{"a":0,"k":0,"ix":4},"sa":{"a":0,"k":0,"ix":5},"nm":"Transform"}],"nm":"Group 10","np":1,"cix":2,"bm":0,"ix":10,"mn":"ADBE Vector Group","hd":false},{"ty":"gr","it":[{"ty":"gr","it":[{"ind":0,"ty":"sh","ix":1,"ks":{"a":0,"k":{"i":[[0.491,0],[0.103,0.031],[-0.172,0.599],[0,0],[-0.608,-0.183],[0.172,-0.599],[0,0]],"o":[[-0.101,0],[-0.597,-0.17],[0,0],[0.17,-0.597],[0.599,0.172],[0,0],[-0.141,0.493]],"v":[[179.883,150.221],[179.572,150.177],[178.799,148.783],[181.394,139.713],[182.788,138.94],[183.561,140.334],[180.967,149.404]],"c":true},"ix":2},"nm":"Path 1","mn":"ADBE Vector Shape - Group","hd":false},{"ty":"fl","c":{"a":0,"k":[0,0,0,1],"ix":4},"o":{"a":0,"k":100,"ix":5},"r":1,"bm":0,"nm":"Fill 1","mn":"ADBE Vector Graphic - Fill","hd":false},{"ty":"tr","p":{"a":0,"k":[0,0],"ix":2},"a":{"a":0,"k":[0,0],"ix":1},"s":{"a":0,"k":[100,100],"ix":3},"r":{"a":0,"k":0,"ix":6},"o":{"a":0,"k":100,"ix":7},"sk":{"a":0,"k":0,"ix":4},"sa":{"a":0,"k":0,"ix":5},"nm":"Transform"}],"nm":"Group 1","np":2,"cix":2,"bm":0,"ix":1,"mn":"ADBE Vector Group","hd":false},{"ty":"tr","p":{"a":0,"k":[0,0],"ix":2},"a":{"a":0,"k":[0,0],"ix":1},"s":{"a":0,"k":[100,100],"ix":3},"r":{"a":0,"k":0,"ix":6},"o":{"a":0,"k":100,"ix":7},"sk":{"a":0,"k":0,"ix":4},"sa":{"a":0,"k":0,"ix":5},"nm":"Transform"}],"nm":"Group 11","np":1,"cix":2,"bm":0,"ix":11,"mn":"ADBE Vector Group","hd":false},{"ty":"gr","it":[{"ty":"gr","it":[{"ind":0,"ty":"sh","ix":1,"ks":{"a":0,"k":{"i":[[4.508,0],[0,-4.508],[-4.509,0],[0,4.508]],"o":[[-4.509,0],[0,4.508],[4.508,0],[0,-4.508]],"v":[[123.181,26.634],[115.005,34.809],[123.181,42.985],[131.356,34.809]],"c":true},"ix":2},"nm":"Path 1","mn":"ADBE Vector Shape - Group","hd":false},{"ind":1,"ty":"sh","ix":2,"ks":{"a":0,"k":{"i":[[8.239,0],[0,8.239],[-8.24,0],[0,-8.239]],"o":[[-8.24,0],[0,-8.239],[8.239,0],[0,8.239]],"v":[[123.181,49.751],[108.239,34.809],[123.181,19.868],[138.122,34.809]],"c":true},"ix":2},"nm":"Path 2","mn":"ADBE Vector Shape - Group","hd":false},{"ty":"fl","c":{"a":0,"k":[0,0,0,1],"ix":4},"o":{"a":0,"k":100,"ix":5},"r":1,"bm":0,"nm":"Fill 1","mn":"ADBE Vector Graphic - Fill","hd":false},{"ty":"tr","p":{"a":0,"k":[0,0],"ix":2},"a":{"a":0,"k":[0,0],"ix":1},"s":{"a":0,"k":[100,100],"ix":3},"r":{"a":0,"k":0,"ix":6},"o":{"a":0,"k":100,"ix":7},"sk":{"a":0,"k":0,"ix":4},"sa":{"a":0,"k":0,"ix":5},"nm":"Transform"}],"nm":"Group 1","np":3,"cix":2,"bm":0,"ix":1,"mn":"ADBE Vector Group","hd":false},{"ty":"gr","it":[{"ind":0,"ty":"sh","ix":1,"ks":{"a":0,"k":{"i":[[0,6.383],[-6.384,0],[0,-6.384],[6.384,0]],"o":[[0,-6.384],[6.384,0],[0,6.383],[-6.384,0]],"v":[[111.622,34.81],[123.181,23.252],[134.74,34.81],[123.181,46.369]],"c":true},"ix":2},"nm":"Path 1","mn":"ADBE Vector Shape - Group","hd":false},{"ty":"fl","c":{"a":0,"k":[1,1,1,1],"ix":4},"o":{"a":0,"k":100,"ix":5},"r":1,"bm":0,"nm":"Fill 1","mn":"ADBE Vector Graphic - Fill","hd":false},{"ty":"tr","p":{"a":0,"k":[0,0],"ix":2},"a":{"a":0,"k":[0,0],"ix":1},"s":{"a":0,"k":[100,100],"ix":3},"r":{"a":0,"k":0,"ix":6},"o":{"a":0,"k":100,"ix":7},"sk":{"a":0,"k":0,"ix":4},"sa":{"a":0,"k":0,"ix":5},"nm":"Transform"}],"nm":"Group 2","np":2,"cix":2,"bm":0,"ix":2,"mn":"ADBE Vector Group","hd":false},{"ty":"tr","p":{"a":0,"k":[0,0],"ix":2},"a":{"a":0,"k":[0,0],"ix":1},"s":{"a":0,"k":[100,100],"ix":3},"r":{"a":0,"k":0,"ix":6},"o":{"a":0,"k":100,"ix":7},"sk":{"a":0,"k":0,"ix":4},"sa":{"a":0,"k":0,"ix":5},"nm":"Transform"}],"nm":"Group 12","np":2,"cix":2,"bm":0,"ix":12,"mn":"ADBE Vector Group","hd":false},{"ty":"gr","it":[{"ty":"gr","it":[{"ind":0,"ty":"sh","ix":1,"ks":{"a":0,"k":{"i":[[4.509,0],[0,-4.508],[-4.508,0],[0,4.508]],"o":[[-4.508,0],[0,4.508],[4.509,0],[0,-4.508]],"v":[[67.211,26.634],[59.036,34.809],[67.211,42.985],[75.387,34.809]],"c":true},"ix":2},"nm":"Path 1","mn":"ADBE Vector Shape - Group","hd":false},{"ind":1,"ty":"sh","ix":2,"ks":{"a":0,"k":{"i":[[8.24,0],[0,8.239],[-8.239,0],[0,-8.239]],"o":[[-8.239,0],[0,-8.239],[8.24,0],[0,8.239]],"v":[[67.211,49.751],[52.27,34.809],[67.211,19.868],[82.153,34.809]],"c":true},"ix":2},"nm":"Path 2","mn":"ADBE Vector Shape - Group","hd":false},{"ty":"fl","c":{"a":0,"k":[0,0,0,1],"ix":4},"o":{"a":0,"k":100,"ix":5},"r":1,"bm":0,"nm":"Fill 1","mn":"ADBE Vector Graphic - Fill","hd":false},{"ty":"tr","p":{"a":0,"k":[0,0],"ix":2},"a":{"a":0,"k":[0,0],"ix":1},"s":{"a":0,"k":[100,100],"ix":3},"r":{"a":0,"k":0,"ix":6},"o":{"a":0,"k":100,"ix":7},"sk":{"a":0,"k":0,"ix":4},"sa":{"a":0,"k":0,"ix":5},"nm":"Transform"}],"nm":"Group 1","np":3,"cix":2,"bm":0,"ix":1,"mn":"ADBE Vector Group","hd":false},{"ty":"gr","it":[{"ind":0,"ty":"sh","ix":1,"ks":{"a":0,"k":{"i":[[0,6.383],[-6.384,0],[0,-6.384],[6.384,0]],"o":[[0,-6.384],[6.384,0],[0,6.383],[-6.384,0]],"v":[[55.652,34.81],[67.211,23.252],[78.769,34.81],[67.211,46.369]],"c":true},"ix":2},"nm":"Path 1","mn":"ADBE Vector Shape - Group","hd":false},{"ty":"fl","c":{"a":0,"k":[1,1,1,1],"ix":4},"o":{"a":0,"k":100,"ix":5},"r":1,"bm":0,"nm":"Fill 1","mn":"ADBE Vector Graphic - Fill","hd":false},{"ty":"tr","p":{"a":0,"k":[0,0],"ix":2},"a":{"a":0,"k":[0,0],"ix":1},"s":{"a":0,"k":[100,100],"ix":3},"r":{"a":0,"k":0,"ix":6},"o":{"a":0,"k":100,"ix":7},"sk":{"a":0,"k":0,"ix":4},"sa":{"a":0,"k":0,"ix":5},"nm":"Transform"}],"nm":"Group 2","np":2,"cix":2,"bm":0,"ix":2,"mn":"ADBE Vector Group","hd":false},{"ty":"tr","p":{"a":0,"k":[0,0],"ix":2},"a":{"a":0,"k":[0,0],"ix":1},"s":{"a":0,"k":[100,100],"ix":3},"r":{"a":0,"k":0,"ix":6},"o":{"a":0,"k":100,"ix":7},"sk":{"a":0,"k":0,"ix":4},"sa":{"a":0,"k":0,"ix":5},"nm":"Transform"}],"nm":"Group 13","np":2,"cix":2,"bm":0,"ix":13,"mn":"ADBE Vector Group","hd":false},{"ty":"gr","it":[{"ty":"gr","it":[{"ind":0,"ty":"sh","ix":1,"ks":{"a":0,"k":{"i":[[4.508,0],[0,-4.508],[-4.509,0],[0,4.508]],"o":[[-4.509,0],[0,4.508],[4.508,0],[0,-4.508]],"v":[[11.24,26.634],[3.064,34.809],[11.24,42.985],[19.416,34.809]],"c":true},"ix":2},"nm":"Path 1","mn":"ADBE Vector Shape - Group","hd":false},{"ind":1,"ty":"sh","ix":2,"ks":{"a":0,"k":{"i":[[8.239,0],[0,8.239],[-8.24,0],[0,-8.239]],"o":[[-8.24,0],[0,-8.239],[8.239,0],[0,8.239]],"v":[[11.24,49.751],[-3.702,34.809],[11.24,19.868],[26.182,34.809]],"c":true},"ix":2},"nm":"Path 2","mn":"ADBE Vector Shape - Group","hd":false},{"ty":"fl","c":{"a":0,"k":[0,0,0,1],"ix":4},"o":{"a":0,"k":100,"ix":5},"r":1,"bm":0,"nm":"Fill 1","mn":"ADBE Vector Graphic - Fill","hd":false},{"ty":"tr","p":{"a":0,"k":[0,0],"ix":2},"a":{"a":0,"k":[0,0],"ix":1},"s":{"a":0,"k":[100,100],"ix":3},"r":{"a":0,"k":0,"ix":6},"o":{"a":0,"k":100,"ix":7},"sk":{"a":0,"k":0,"ix":4},"sa":{"a":0,"k":0,"ix":5},"nm":"Transform"}],"nm":"Group 1","np":3,"cix":2,"bm":0,"ix":1,"mn":"ADBE Vector Group","hd":false},{"ty":"gr","it":[{"ind":0,"ty":"sh","ix":1,"ks":{"a":0,"k":{"i":[[0,6.383],[-6.383,0],[0,-6.384],[6.384,0]],"o":[[0,-6.384],[6.384,0],[0,6.383],[-6.383,0]],"v":[[-0.318,34.81],[11.24,23.252],[22.799,34.81],[11.24,46.369]],"c":true},"ix":2},"nm":"Path 1","mn":"ADBE Vector Shape - Group","hd":false},{"ty":"fl","c":{"a":0,"k":[1,1,1,1],"ix":4},"o":{"a":0,"k":100,"ix":5},"r":1,"bm":0,"nm":"Fill 1","mn":"ADBE Vector Graphic - Fill","hd":false},{"ty":"tr","p":{"a":0,"k":[0,0],"ix":2},"a":{"a":0,"k":[0,0],"ix":1},"s":{"a":0,"k":[100,100],"ix":3},"r":{"a":0,"k":0,"ix":6},"o":{"a":0,"k":100,"ix":7},"sk":{"a":0,"k":0,"ix":4},"sa":{"a":0,"k":0,"ix":5},"nm":"Transform"}],"nm":"Group 2","np":2,"cix":2,"bm":0,"ix":2,"mn":"ADBE Vector Group","hd":false},{"ty":"tr","p":{"a":0,"k":[0,0],"ix":2},"a":{"a":0,"k":[0,0],"ix":1},"s":{"a":0,"k":[100,100],"ix":3},"r":{"a":0,"k":0,"ix":6},"o":{"a":0,"k":100,"ix":7},"sk":{"a":0,"k":0,"ix":4},"sa":{"a":0,"k":0,"ix":5},"nm":"Transform"}],"nm":"Group 14","np":2,"cix":2,"bm":0,"ix":14,"mn":"ADBE Vector Group","hd":false},{"ty":"gr","it":[{"ty":"gr","it":[{"ty":"gr","it":[{"ind":0,"ty":"sh","ix":1,"ks":{"a":0,"k":{"i":[[0,-59.825],[-59.826,0],[0,59.826],[59.826,0]],"o":[[0,59.826],[59.826,0],[0,-59.825],[-59.826,0]],"v":[[-39.785,36.333],[68.711,144.832],[177.209,36.333],[68.711,-72.165]],"c":true},"ix":2},"nm":"Path 1","mn":"ADBE Vector Shape - Group","hd":false},{"ind":1,"ty":"sh","ix":2,"ks":{"a":0,"k":{"i":[[63.556,0],[0,63.557],[-63.557,0],[0,-63.556]],"o":[[-63.557,0],[0,-63.556],[63.556,0],[0,63.557]],"v":[[68.711,151.598],[-46.551,36.333],[68.711,-78.931],[183.975,36.333]],"c":true},"ix":2},"nm":"Path 2","mn":"ADBE Vector Shape - Group","hd":false},{"ind":2,"ty":"sh","ix":3,"ks":{"a":0,"k":{"i":[[79.359,0],[0,-79.359],[-79.36,0],[0,79.36]],"o":[[-79.36,0],[0,79.36],[79.359,0],[0,-79.359]],"v":[[68.711,-107.589],[-75.211,36.333],[68.711,180.258],[212.636,36.333]],"c":true},"ix":2},"nm":"Path 3","mn":"ADBE Vector Shape - Group","hd":false},{"ind":3,"ty":"sh","ix":4,"ks":{"a":0,"k":{"i":[[83.09,0],[0,83.091],[-83.091,0],[0,-83.09]],"o":[[-83.091,0],[0,-83.09],[83.09,0],[0,83.091]],"v":[[68.711,187.024],[-81.977,36.333],[68.711,-114.355],[219.402,36.333]],"c":true},"ix":2},"nm":"Path 4","mn":"ADBE Vector Shape - Group","hd":false},{"ty":"fl","c":{"a":0,"k":[0,0,0,1],"ix":4},"o":{"a":0,"k":100,"ix":5},"r":1,"bm":0,"nm":"Fill 1","mn":"ADBE Vector Graphic - Fill","hd":false},{"ty":"tr","p":{"a":0,"k":[0,0],"ix":2},"a":{"a":0,"k":[0,0],"ix":1},"s":{"a":0,"k":[100,100],"ix":3},"r":{"a":0,"k":0,"ix":6},"o":{"a":0,"k":100,"ix":7},"sk":{"a":0,"k":0,"ix":4},"sa":{"a":0,"k":0,"ix":5},"nm":"Transform"}],"nm":"Group 1","np":5,"cix":2,"bm":0,"ix":1,"mn":"ADBE Vector Group","hd":false},{"ty":"gr","it":[{"ind":0,"ty":"sh","ix":1,"ks":{"a":0,"k":{"i":[[61.79,0],[0,61.79],[-61.79,0],[0,-61.79]],"o":[[-61.79,0],[0,-61.79],[61.79,0],[0,61.79]],"v":[[68.712,148.215],[-43.168,36.334],[68.712,-75.547],[180.593,36.334]],"c":true},"ix":2},"nm":"Path 1","mn":"ADBE Vector Shape - Group","hd":false},{"ind":1,"ty":"sh","ix":2,"ks":{"a":0,"k":{"i":[[61.79,0],[0,61.79],[-61.79,0],[0,-61.79]],"o":[[-61.79,0],[0,-61.79],[61.79,0],[0,61.79]],"v":[[68.712,148.215],[-43.168,36.334],[68.712,-75.547],[180.593,36.334]],"c":true},"ix":2},"nm":"Path 2","mn":"ADBE Vector Shape - Group","hd":false},{"ind":2,"ty":"sh","ix":3,"ks":{"a":0,"k":{"i":[[81.356,0],[0,-81.356],[-81.355,0],[0,81.355]],"o":[[-81.355,0],[0,81.355],[81.356,0],[0,-81.356]],"v":[[68.712,-110.974],[-78.595,36.334],[68.712,183.641],[216.019,36.334]],"c":true},"ix":2},"nm":"Path 3","mn":"ADBE Vector Shape - Group","hd":false},{"ty":"fl","c":{"a":0,"k":[1,1,1,1],"ix":4},"o":{"a":0,"k":100,"ix":5},"r":1,"bm":0,"nm":"Fill 1","mn":"ADBE Vector Graphic - Fill","hd":false},{"ty":"tr","p":{"a":0,"k":[0,0],"ix":2},"a":{"a":0,"k":[0,0],"ix":1},"s":{"a":0,"k":[100,100],"ix":3},"r":{"a":0,"k":0,"ix":6},"o":{"a":0,"k":100,"ix":7},"sk":{"a":0,"k":0,"ix":4},"sa":{"a":0,"k":0,"ix":5},"nm":"Transform"}],"nm":"Group 2","np":4,"cix":2,"bm":0,"ix":2,"mn":"ADBE Vector Group","hd":false},{"ty":"tr","p":{"a":0,"k":[0,0],"ix":2},"a":{"a":0,"k":[0,0],"ix":1},"s":{"a":0,"k":[100,100],"ix":3},"r":{"a":0,"k":0,"ix":6},"o":{"a":0,"k":100,"ix":7},"sk":{"a":0,"k":0,"ix":4},"sa":{"a":0,"k":0,"ix":5},"nm":"Transform"}],"nm":"Group 1","np":2,"cix":2,"bm":0,"ix":1,"mn":"ADBE Vector Group","hd":false},{"ty":"tr","p":{"a":0,"k":[0,0],"ix":2},"a":{"a":0,"k":[0,0],"ix":1},"s":{"a":0,"k":[100,100],"ix":3},"r":{"a":0,"k":0,"ix":6},"o":{"a":0,"k":100,"ix":7},"sk":{"a":0,"k":0,"ix":4},"sa":{"a":0,"k":0,"ix":5},"nm":"Transform"}],"nm":"Group 15","np":1,"cix":2,"bm":0,"ix":15,"mn":"ADBE Vector Group","hd":false},{"ty":"gr","it":[{"ty":"gr","it":[{"ind":0,"ty":"sh","ix":1,"ks":{"a":0,"k":{"i":[[7.369,-9.859],[0,0],[-13.451,-10.539],[-7.898,-0.007],[-0.002,0],[-2.947,2.967],[0.024,3.442],[4.854,5.118],[39.572,34.458]],"o":[[0,0],[12.21,12.012],[6.931,5.427],[0.002,0],[3.865,0],[2.641,-2.656],[-0.044,-6.577],[-36.508,-38.506],[-6.209,9.087]],"v":[[165.373,145.664],[234.123,213.299],[272.411,248.27],[294.74,258.726],[294.746,258.726],[305.624,253.988],[309.684,244.531],[300.041,227.288],[185.409,117.353]],"c":true},"ix":2},"nm":"Path 1","mn":"ADBE Vector Shape - Group","hd":false},{"ind":1,"ty":"sh","ix":2,"ks":{"a":0,"k":{"i":[[5.63,0],[0.004,0],[7.883,6.173],[12.343,12.142],[0,0],[-1.024,1.357],[-7.317,10.722],[-0.956,0.123],[-0.731,-0.632],[-37.541,-39.594],[-0.062,-9.043],[3.923,-3.947]],"o":[[-0.002,0],[-9.946,-0.007],[-13.752,-10.772],[0,0],[-1.211,-1.192],[8.891,-11.748],[0.544,-0.797],[0.952,-0.135],[40.744,35.308],[5.531,5.832],[0.035,5.257],[-4.189,4.216]],"v":[[294.744,265.492],[294.736,265.492],[268.24,253.596],[229.379,218.123],[158.517,148.41],[158.191,143.957],[181.962,110.4],[184.321,108.953],[186.973,109.75],[304.953,222.631],[316.45,244.486],[310.424,258.758]],"c":true},"ix":2},"nm":"Path 2","mn":"ADBE Vector Shape - Group","hd":false},{"ty":"fl","c":{"a":0,"k":[0,0,0,1],"ix":4},"o":{"a":0,"k":100,"ix":5},"r":1,"bm":0,"nm":"Fill 1","mn":"ADBE Vector Graphic - Fill","hd":false},{"ty":"tr","p":{"a":0,"k":[0,0],"ix":2},"a":{"a":0,"k":[0,0],"ix":1},"s":{"a":0,"k":[100,100],"ix":3},"r":{"a":0,"k":0,"ix":6},"o":{"a":0,"k":100,"ix":7},"sk":{"a":0,"k":0,"ix":4},"sa":{"a":0,"k":0,"ix":5},"nm":"Transform"}],"nm":"Group 1","np":3,"cix":2,"bm":0,"ix":1,"mn":"ADBE Vector Group","hd":false},{"ty":"gr","it":[{"ind":0,"ty":"sh","ix":1,"ks":{"a":0,"k":{"i":[[8.904,-11.766],[-23.62,-23.238],[-13.594,-10.647],[-8.921,-0.005],[0.068,10.08],[5.088,5.366],[40.823,35.377]],"o":[[23.621,23.238],[12.475,12.273],[7.331,5.743],[8.921,0.005],[-0.053,-7.864],[-37.609,-39.667],[-7.482,10.963]],"v":[[160.889,145.999],[231.751,215.712],[270.327,250.932],[294.737,262.108],[313.067,244.509],[302.497,224.96],[184.757,112.307]],"c":true},"ix":2},"nm":"Path 1","mn":"ADBE Vector Shape - Group","hd":false},{"ty":"fl","c":{"a":0,"k":[1,1,1,1],"ix":4},"o":{"a":0,"k":100,"ix":5},"r":1,"bm":0,"nm":"Fill 1","mn":"ADBE Vector Graphic - Fill","hd":false},{"ty":"tr","p":{"a":0,"k":[0,0],"ix":2},"a":{"a":0,"k":[0,0],"ix":1},"s":{"a":0,"k":[100,100],"ix":3},"r":{"a":0,"k":0,"ix":6},"o":{"a":0,"k":100,"ix":7},"sk":{"a":0,"k":0,"ix":4},"sa":{"a":0,"k":0,"ix":5},"nm":"Transform"}],"nm":"Group 2","np":2,"cix":2,"bm":0,"ix":2,"mn":"ADBE Vector Group","hd":false},{"ty":"tr","p":{"a":0,"k":[0,0],"ix":2},"a":{"a":0,"k":[0,0],"ix":1},"s":{"a":0,"k":[100,100],"ix":3},"r":{"a":0,"k":0,"ix":6},"o":{"a":0,"k":100,"ix":7},"sk":{"a":0,"k":0,"ix":4},"sa":{"a":0,"k":0,"ix":5},"nm":"Transform"}],"nm":"Group 16","np":2,"cix":2,"bm":0,"ix":16,"mn":"ADBE Vector Group","hd":false}],"ip":0,"op":301,"st":0,"bm":0},{"ddd":0,"ind":2,"ty":4,"nm":"Isolation Mode 3","sr":1,"ks":{"o":{"a":0,"k":100,"ix":11},"r":{"a":1,"k":[{"i":{"x":[0.833],"y":[0.833]},"o":{"x":[0.167],"y":[0.167]},"t":0,"s":[0]},{"t":300,"s":[-360]}],"ix":10},"p":{"a":1,"k":[{"i":{"x":0.667,"y":1},"o":{"x":0.333,"y":0},"t":0,"s":[157.073,342.776,0],"to":[0,0,0],"ti":[0,0,0]},{"i":{"x":0.667,"y":1},"o":{"x":0.333,"y":0},"t":88,"s":[157.073,352.776,0],"to":[0,0,0],"ti":[0,0,0]},{"i":{"x":0.667,"y":1},"o":{"x":0.333,"y":0},"t":196,"s":[157.073,330.776,0],"to":[0,0,0],"ti":[0,0,0]},{"t":300,"s":[157.073,342.776,0]}],"ix":2},"a":{"a":0,"k":[-203.613,-121.305,0],"ix":1},"s":{"a":0,"k":[100,100,100],"ix":6}},"ao":0,"shapes":[{"ty":"gr","it":[{"ty":"gr","it":[{"ind":0,"ty":"sh","ix":1,"ks":{"a":0,"k":{"i":[[0.427,0],[2.112,-2.709],[-0.408,-5.345],[-0.661,-0.949],[-1.247,-0.555],[-3.749,2.361],[0.247,4.42],[3.927,1.326],[0,0],[0.483,0.339]],"o":[[-2.975,0],[-2.579,3.306],[0.09,1.207],[0.462,0.661],[4.231,1.883],[3.819,-2.403],[-0.247,-4.431],[0,0],[-0.72,-0.218],[-0.414,-0.066]],"v":[[-204.659,-137.889],[-212.96,-133.583],[-216.328,-120.163],[-215.385,-116.498],[-212.848,-114.69],[-199.904,-115.468],[-193.933,-126.874],[-201.137,-136.814],[-201.595,-136.955],[-203.397,-137.789]],"c":true},"ix":2},"nm":"Path 1","mn":"ADBE Vector Shape - Group","hd":false},{"ind":1,"ty":"sh","ix":2,"ks":{"a":0,"k":{"i":[[3.804,0],[2.716,1.205],[1.185,1.703],[0.159,2.064],[-3.619,4.641],[-6.244,-2.125],[-0.341,-0.317],[-0.399,-7.147],[5.927,-3.729]],"o":[[-2.9,0],[-2.405,-1.075],[-1.597,-2.293],[-0.535,-7.03],[4.493,-5.757],[0.462,0.159],[6.482,2.258],[0.383,6.905],[-3.196,2.011]],"v":[[-207.062,-106.708],[-215.601,-108.508],[-220.935,-112.631],[-223.076,-119.648],[-218.294,-137.746],[-200.056,-143.906],[-198.842,-143.179],[-187.176,-127.249],[-196.301,-109.741]],"c":true},"ix":2},"nm":"Path 2","mn":"ADBE Vector Shape - Group","hd":false},{"ty":"fl","c":{"a":0,"k":[0,0,0,1],"ix":4},"o":{"a":0,"k":100,"ix":5},"r":1,"bm":0,"nm":"Fill 1","mn":"ADBE Vector Graphic - Fill","hd":false},{"ty":"tr","p":{"a":0,"k":[0,0],"ix":2},"a":{"a":0,"k":[0,0],"ix":1},"s":{"a":0,"k":[100,100],"ix":3},"r":{"a":0,"k":0,"ix":6},"o":{"a":0,"k":100,"ix":7},"sk":{"a":0,"k":0,"ix":4},"sa":{"a":0,"k":0,"ix":5},"nm":"Transform"}],"nm":"Group 1","np":3,"cix":2,"bm":0,"ix":1,"mn":"ADBE Vector Group","hd":false},{"ty":"tr","p":{"a":0,"k":[0,0],"ix":2},"a":{"a":0,"k":[0,0],"ix":1},"s":{"a":0,"k":[100,100],"ix":3},"r":{"a":0,"k":0,"ix":6},"o":{"a":0,"k":100,"ix":7},"sk":{"a":0,"k":0,"ix":4},"sa":{"a":0,"k":0,"ix":5},"nm":"Transform"}],"nm":"Group 1","np":1,"cix":2,"bm":0,"ix":1,"mn":"ADBE Vector Group","hd":false},{"ty":"gr","it":[{"ty":"gr","it":[{"ind":0,"ty":"sh","ix":1,"ks":{"a":0,"k":{"i":[[0,0],[0,0]],"o":[[0,0],[0,0]],"v":[[-151.679,-167.384],[-151.679,-167.384]],"c":true},"ix":2},"nm":"Path 1","mn":"ADBE Vector Shape - Group","hd":false},{"ind":1,"ty":"sh","ix":2,"ks":{"a":0,"k":{"i":[[-0.163,0],[-0.628,-0.976],[-2.139,-5.343],[-8.085,4.079],[2.729,4.826],[-0.892,1.079],[-2.055,5.444],[-1.284,0.123],[-5.662,-0.225],[0.247,7.854],[5.103,0.436],[0.445,1.253],[2.319,5.799],[-0.595,0.921],[-2.449,3.533],[-1.108,1.627],[1.729,1.462],[6.544,3.647],[2.817,-5.438],[1.352,0.13],[7.387,-1.322],[0.599,1.487],[2.894,5.405],[5.837,-4.953],[-2.969,-3.956],[0.742,-1.187],[3.044,-6.885],[1.604,0.39],[6.323,1.603],[-1.683,-8.559],[-3.716,0.793],[-2.064,0.41],[-0.614,-1.494],[-4.244,-5.31],[0.749,-1.216],[3.161,-4.464],[-6.942,-3.185],[-0.586,1.121],[-2.088,3.714],[-1.345,-0.119],[-6.753,1.002]],"o":[[1.139,0],[3.546,5.5],[8.226,-1.187],[-2.519,-5.625],[-0.689,-1.22],[5.264,-6.383],[0.456,-1.207],[6.467,-0.617],[2.317,-7.006],[-7.145,-2.641],[-1.324,-0.112],[-2.117,-5.973],[-0.408,-1.018],[2.658,-4.11],[1.149,-1.658],[-1.687,-1.518],[-5.737,-4.856],[-3.471,5.771],[-0.639,1.238],[-7.467,-0.766],[-1.568,0.271],[-2.295,-5.694],[-8.092,3.821],[3.064,5.255],[0.839,1.119],[-4.295,6.863],[-0.661,1.497],[-6.72,-1.639],[-3.092,10.321],[3.991,-0.663],[2.077,-0.443],[1.581,-0.319],[3.418,8.297],[0.892,1.114],[-3.513,5.709],[4.896,5.605],[0.61,-1.156],[2.075,-3.971],[0.661,-1.174],[6.59,0.691],[0.167,-0.024]],"v":[[-197.737,-74.024],[-194.893,-72.473],[-186.859,-56.146],[-162.314,-64.071],[-170.371,-79.488],[-170.036,-83.305],[-159.308,-100.64],[-156.465,-102.812],[-138.475,-102.977],[-135.389,-125.123],[-154.282,-129.043],[-157.185,-131.284],[-164.019,-149.053],[-163.719,-152.145],[-156.081,-163.444],[-152.696,-168.36],[-157.799,-172.853],[-176.287,-185.654],[-185.475,-168.847],[-188.823,-167.036],[-211.205,-166.197],[-214.938,-168.263],[-222.748,-184.966],[-243.705,-171.765],[-234.315,-157.971],[-234.154,-154.145],[-245.55,-133.913],[-249.446,-131.995],[-268.863,-136.845],[-270.986,-108.435],[-259.461,-110.704],[-253.263,-111.994],[-249.479,-109.963],[-238.093,-89.74],[-237.855,-85.855],[-247.799,-70.971],[-229.825,-57.626],[-228.034,-61.04],[-221.909,-72.473],[-218.607,-74.18],[-198.232,-73.989]],"c":true},"ix":2},"nm":"Path 2","mn":"ADBE Vector Shape - Group","hd":false},{"ind":2,"ty":"sh","ix":3,"ks":{"a":0,"k":{"i":[[0.121,0],[0.513,1.302],[3.086,5.178],[5.676,0.537],[1.689,-3.229],[1.134,-2.13],[1.608,0.634],[6.475,8.197],[-0.87,1.224],[-3.491,5.528],[2.975,6.801],[1.141,-0.242],[5.347,-0.751],[0.443,1.648],[-4.735,13.977],[-1.696,-0.427],[-6.794,-1.672],[-3.451,5.53],[3.15,5.793],[-1.149,1.051],[-10.942,4.83],[-0.852,-1.526],[-2.553,-6.057],[-6.425,-0.491],[-3.922,6.238],[-1.568,-0.813],[-6.92,-5.859],[-1.806,-1.625],[-0.465,-1.837],[0.533,-0.795],[1.648,-2.379],[2.26,-3.442],[-1.764,-4.845],[-7.744,-3.198],[-0.077,-1.293],[3.465,-9.244],[1.542,0.112],[0,0],[5.339,-0.366],[4.345,-5.488],[-2.63,-6.378],[1.515,-0.828],[10.882,-1.172]],"o":[[-1.374,0],[-2.154,-5.444],[-5.968,0.637],[-1.654,3.011],[-1.051,2.009],[-0.808,1.517],[-10.001,-3.947],[-0.932,-1.179],[3.196,-4.504],[-3.595,-4.854],[-1.132,0.236],[-4.77,1.018],[-1.694,0.238],[-3.066,-11.409],[0.57,-1.674],[6.471,1.645],[2.722,-5.669],[-3.196,-4.315],[-0.744,-1.368],[7.385,-6.751],[1.592,-0.707],[3.194,5.702],[6.374,-0.932],[3,-5.777],[0.941,-1.489],[8.008,4.182],[1.857,1.568],[0.949,0.85],[0.236,0.927],[-1.564,2.343],[-2.121,3.064],[1.876,4.693],[5.759,0.59],[1.198,0.496],[0.628,10.517],[-0.509,1.363],[0,0],[-4.896,-0.196],[-2.125,4.951],[2.918,5.185],[0.658,1.597],[-10.567,5.773],[-0.121,0.013]],"v":[[-189.039,-49.078],[-192.182,-51.217],[-199.468,-67.011],[-217.083,-67.227],[-222.039,-57.906],[-225.301,-51.706],[-229.529,-50.147],[-254.715,-68.711],[-254.818,-72.766],[-244.847,-87.426],[-254.642,-104.808],[-258.049,-104.087],[-273.099,-101.266],[-276.836,-103.737],[-274.321,-141.994],[-270.284,-144.188],[-250.548,-139.23],[-241.116,-155.773],[-250.968,-170.875],[-250.279,-174.989],[-222.658,-192.444],[-218.341,-191.001],[-209.694,-173.298],[-190.44,-173.972],[-180.357,-191.95],[-175.928,-193.149],[-153.43,-178.018],[-147.956,-173.197],[-145.236,-169.338],[-145.703,-166.629],[-150.52,-159.592],[-157.086,-149.934],[-151.54,-135.583],[-130.819,-130.601],[-128.733,-127.676],[-132.949,-98.31],[-136.244,-96.116],[-138.508,-96.207],[-153.787,-96.242],[-163.35,-80.814],[-154.843,-63.822],[-156.35,-59.562],[-188.676,-49.098]],"c":true},"ix":2},"nm":"Path 3","mn":"ADBE Vector Shape - Group","hd":false},{"ty":"fl","c":{"a":0,"k":[0,0,0,1],"ix":4},"o":{"a":0,"k":100,"ix":5},"r":1,"bm":0,"nm":"Fill 1","mn":"ADBE Vector Graphic - Fill","hd":false},{"ty":"tr","p":{"a":0,"k":[0,0],"ix":2},"a":{"a":0,"k":[0,0],"ix":1},"s":{"a":0,"k":[100,100],"ix":3},"r":{"a":0,"k":0,"ix":6},"o":{"a":0,"k":100,"ix":7},"sk":{"a":0,"k":0,"ix":4},"sa":{"a":0,"k":0,"ix":5},"nm":"Transform"}],"nm":"Group 1","np":4,"cix":2,"bm":0,"ix":1,"mn":"ADBE Vector Group","hd":false},{"ty":"tr","p":{"a":0,"k":[0,0],"ix":2},"a":{"a":0,"k":[0,0],"ix":1},"s":{"a":0,"k":[100,100],"ix":3},"r":{"a":0,"k":0,"ix":6},"o":{"a":0,"k":100,"ix":7},"sk":{"a":0,"k":0,"ix":4},"sa":{"a":0,"k":0,"ix":5},"nm":"Transform"}],"nm":"Group 2","np":1,"cix":2,"bm":0,"ix":2,"mn":"ADBE Vector Group","hd":false},{"ty":"gr","it":[{"ty":"gr","it":[{"ind":0,"ty":"sh","ix":1,"ks":{"a":0,"k":{"i":[[-0.009,0.373],[-0.003,0.058],[0.007,-0.054],[0.556,0.972],[1.602,-4.516],[0.141,-0.294],[0.351,-0.922],[0.248,-0.542],[0.003,-1.17],[-1.982,7.181],[-0.33,2.507]],"o":[[0.004,-0.058],[-0.007,0.053],[0.027,-1.126],[-2.309,-4.38],[-0.1,0.21],[-0.442,0.884],[-0.301,0.698],[-0.572,1.011],[0.076,7.476],[1.009,-2.324],[0.077,-0.365]],"v":[[-131.991,-111.56],[-131.97,-111.73],[-131.991,-111.569],[-132.777,-114.801],[-143.407,-113.945],[-143.763,-113.198],[-144.846,-110.447],[-145.814,-108.241],[-146.677,-104.969],[-134.264,-103.246],[-132.125,-110.454]],"c":true},"ix":2},"nm":"Path 1","mn":"ADBE Vector Shape - Group","hd":false},{"ty":"fl","c":{"a":0,"k":[0,0,0,1],"ix":4},"o":{"a":0,"k":100,"ix":5},"r":1,"bm":0,"nm":"Fill 1","mn":"ADBE Vector Graphic - Fill","hd":false},{"ty":"tr","p":{"a":0,"k":[0,0],"ix":2},"a":{"a":0,"k":[0,0],"ix":1},"s":{"a":0,"k":[100,100],"ix":3},"r":{"a":0,"k":0,"ix":6},"o":{"a":0,"k":100,"ix":7},"sk":{"a":0,"k":0,"ix":4},"sa":{"a":0,"k":0,"ix":5},"nm":"Transform"}],"nm":"Group 1","np":2,"cix":2,"bm":0,"ix":1,"mn":"ADBE Vector Group","hd":false},{"ty":"tr","p":{"a":0,"k":[0,0],"ix":2},"a":{"a":0,"k":[0,0],"ix":1},"s":{"a":0,"k":[100,100],"ix":3},"r":{"a":0,"k":0,"ix":6},"o":{"a":0,"k":100,"ix":7},"sk":{"a":0,"k":0,"ix":4},"sa":{"a":0,"k":0,"ix":5},"nm":"Transform"}],"nm":"Group 3","np":1,"cix":2,"bm":0,"ix":3,"mn":"ADBE Vector Group","hd":false},{"ty":"gr","it":[{"ty":"gr","it":[{"ind":0,"ty":"sh","ix":1,"ks":{"a":0,"k":{"i":[[5.311,-2.718],[5.601,-1.011],[2.267,-1.756],[-5.54,1.692],[-5.172,5.003]],"o":[[-2.974,1.097],[-2.65,0.849],[-4.749,3.442],[6.641,-1.406],[4.073,-4.662]],"v":[[-168.767,-68.374],[-178.397,-65.521],[-186.546,-63.348],[-181.825,-53.63],[-162.377,-60.329]],"c":true},"ix":2},"nm":"Path 1","mn":"ADBE Vector Shape - Group","hd":false},{"ty":"fl","c":{"a":0,"k":[0,0,0,1],"ix":4},"o":{"a":0,"k":100,"ix":5},"r":1,"bm":0,"nm":"Fill 1","mn":"ADBE Vector Graphic - Fill","hd":false},{"ty":"tr","p":{"a":0,"k":[0,0],"ix":2},"a":{"a":0,"k":[0,0],"ix":1},"s":{"a":0,"k":[100,100],"ix":3},"r":{"a":0,"k":0,"ix":6},"o":{"a":0,"k":100,"ix":7},"sk":{"a":0,"k":0,"ix":4},"sa":{"a":0,"k":0,"ix":5},"nm":"Transform"}],"nm":"Group 1","np":2,"cix":2,"bm":0,"ix":1,"mn":"ADBE Vector Group","hd":false},{"ty":"tr","p":{"a":0,"k":[0,0],"ix":2},"a":{"a":0,"k":[0,0],"ix":1},"s":{"a":0,"k":[100,100],"ix":3},"r":{"a":0,"k":0,"ix":6},"o":{"a":0,"k":100,"ix":7},"sk":{"a":0,"k":0,"ix":4},"sa":{"a":0,"k":0,"ix":5},"nm":"Transform"}],"nm":"Group 4","np":1,"cix":2,"bm":0,"ix":4,"mn":"ADBE Vector Group","hd":false},{"ty":"gr","it":[{"ty":"gr","it":[{"ind":0,"ty":"sh","ix":1,"ks":{"a":0,"k":{"i":[[0.147,1.848],[0.718,-3.101],[3.172,-3.104],[4.756,-1.772],[3.75,0.016],[0.499,0.166],[3.49,1.967],[1.667,0.109],[-4.465,-2.543],[-9.056,4.576],[-1.701,5.137]],"o":[[-0.24,-3.196],[-0.955,3.003],[-3.051,2.495],[-4.434,1.364],[-0.517,-0.095],[-1.823,-0.694],[-1.441,-0.744],[-5.051,-0.944],[7.93,5.544],[4.677,-2.603],[0.731,-1.661]],"v":[[-185.255,-118.941],[-191.011,-119.344],[-194.758,-113.76],[-201.457,-110.235],[-207.845,-109.169],[-209.371,-109.564],[-214.11,-111.87],[-218.502,-114.061],[-221.564,-104.973],[-196.606,-101.505],[-186.829,-113.651]],"c":true},"ix":2},"nm":"Path 1","mn":"ADBE Vector Shape - Group","hd":false},{"ty":"fl","c":{"a":0,"k":[0,0,0,1],"ix":4},"o":{"a":0,"k":100,"ix":5},"r":1,"bm":0,"nm":"Fill 1","mn":"ADBE Vector Graphic - Fill","hd":false},{"ty":"tr","p":{"a":0,"k":[0,0],"ix":2},"a":{"a":0,"k":[0,0],"ix":1},"s":{"a":0,"k":[100,100],"ix":3},"r":{"a":0,"k":0,"ix":6},"o":{"a":0,"k":100,"ix":7},"sk":{"a":0,"k":0,"ix":4},"sa":{"a":0,"k":0,"ix":5},"nm":"Transform"}],"nm":"Group 1","np":2,"cix":2,"bm":0,"ix":1,"mn":"ADBE Vector Group","hd":false},{"ty":"tr","p":{"a":0,"k":[0,0],"ix":2},"a":{"a":0,"k":[0,0],"ix":1},"s":{"a":0,"k":[100,100],"ix":3},"r":{"a":0,"k":0,"ix":6},"o":{"a":0,"k":100,"ix":7},"sk":{"a":0,"k":0,"ix":4},"sa":{"a":0,"k":0,"ix":5},"nm":"Transform"}],"nm":"Group 5","np":1,"cix":2,"bm":0,"ix":5,"mn":"ADBE Vector Group","hd":false},{"ty":"gr","it":[{"ty":"gr","it":[{"ind":0,"ty":"sh","ix":1,"ks":{"a":0,"k":{"i":[[0.193,-0.693],[0.334,-0.812],[0.409,-0.647],[1.03,-0.976],[2.764,-1.048],[1.174,-0.201],[1.039,0.112],[0.643,0.003],[0.705,0.202],[1.517,2.89],[0.079,2.01],[-0.682,1.656],[-1.444,2.123],[-2.597,1.317],[-2.54,-0.992],[-1.015,-0.387],[-1.314,-1.603],[-0.748,-1.916],[-0.147,-0.623],[-0.058,-0.368],[-0.073,-0.572],[0.01,0.129],[-0.081,-0.457],[-0.07,-0.581],[0.008,-0.295]],"o":[[0.212,0.913],[-0.292,0.709],[-0.761,1.202],[-2.169,2.056],[-1.12,0.424],[-1.042,0.179],[-0.643,-0.069],[1.807,0.01],[-3.119,-0.893],[-0.917,-1.747],[-0.071,-1.807],[0.979,-2.38],[1.624,-2.387],[2.631,-1.335],[1.058,-0.495],[1.9,0.724],[1.298,1.584],[0.232,0.595],[0.085,0.362],[0.077,0.571],[-0.01,-0.129],[-0.055,-0.495],[0.085,0.579],[0.023,0.294],[-0.021,0.722]],"v":[[-189.308,-122.703],[-190.217,-119.215],[-191.218,-117.176],[-194.01,-113.842],[-201.359,-109.25],[-204.845,-108.352],[-207.872,-108.189],[-209.821,-108.473],[-210.693,-108.653],[-218.376,-115.047],[-220.194,-120.752],[-219.112,-126.088],[-215.566,-132.97],[-209.317,-139.166],[-201.323,-139.725],[-198.044,-139.992],[-193.236,-136.738],[-190.342,-131.696],[-189.765,-129.874],[-189.556,-128.779],[-189.331,-127.066],[-189.36,-127.452],[-189.322,-127.509],[-189.089,-125.77],[-189.055,-124.893]],"c":true},"ix":2},"nm":"Path 1","mn":"ADBE Vector Shape - Group","hd":false},{"ind":1,"ty":"sh","ix":2,"ks":{"a":0,"k":{"i":[[0,0],[0,0],[0,0],[0,0],[3.77,-6.283],[0.32,-0.216],[0.519,0.007],[6.51,0.157],[3.507,5.668],[0.508,0.122],[0.447,-0.275],[7.739,-4.753],[0.131,-0.199],[-0.292,-0.527],[-3.958,-4.509],[4.021,-5.87],[1.614,-0.486],[1.351,0.389],[5.316,1.992],[-2.982,-11.504],[0,0],[0,0],[0,0],[0,0],[0,0],[0,0],[0,0],[0,0],[0,0],[0,0],[0,0],[0,0]],"o":[[0,0],[0,0],[0,0],[-3.77,6.284],[-0.201,0.335],[-0.434,0.292],[-6.511,-0.089],[-3.212,-6.226],[-0.279,-0.451],[-0.507,-0.122],[-7.74,4.753],[-0.201,0.124],[-0.331,0.502],[2.924,5.274],[-3.497,6.583],[-0.967,1.412],[-1.347,0.405],[-5.449,-1.569],[-4.54,10.955],[0.436,0.882],[0,0],[0,0],[0,0],[0,0],[0,0],[0,0],[0,0],[0,0],[0,0],[0,0],[0,0],[0,0]],"v":[[-154.378,-132.38],[-160.018,-151.394],[-148.147,-168.521],[-177.384,-189.217],[-188.694,-170.366],[-189.426,-169.47],[-190.933,-169.183],[-210.465,-169.551],[-220.297,-187.37],[-221.415,-188.43],[-222.876,-187.992],[-246.095,-173.734],[-246.635,-173.281],[-246.39,-171.58],[-236.026,-156.847],[-247.222,-138.277],[-250.907,-134.894],[-255.044,-135.255],[-271.2,-140.6],[-273.627,-105.626],[-252.985,-107.693],[-240.938,-86.342],[-250.607,-70.098],[-228.452,-53.603],[-216.944,-70.785],[-196.628,-70.375],[-188.787,-52.243],[-158.502,-62.94],[-165.834,-81.526],[-154.944,-99.562],[-134.401,-101.244],[-133.762,-126.832]],"c":true},"ix":2},"nm":"Path 2","mn":"ADBE Vector Shape - Group","hd":false},{"ty":"fl","c":{"a":0,"k":[1,1,1,1],"ix":4},"o":{"a":0,"k":100,"ix":5},"r":1,"bm":0,"nm":"Fill 1","mn":"ADBE Vector Graphic - Fill","hd":false},{"ty":"tr","p":{"a":0,"k":[0,0],"ix":2},"a":{"a":0,"k":[0,0],"ix":1},"s":{"a":0,"k":[100,100],"ix":3},"r":{"a":0,"k":0,"ix":6},"o":{"a":0,"k":100,"ix":7},"sk":{"a":0,"k":0,"ix":4},"sa":{"a":0,"k":0,"ix":5},"nm":"Transform"}],"nm":"Group 1","np":3,"cix":2,"bm":0,"ix":1,"mn":"ADBE Vector Group","hd":false},{"ty":"tr","p":{"a":0,"k":[0,0],"ix":2},"a":{"a":0,"k":[0,0],"ix":1},"s":{"a":0,"k":[100,100],"ix":3},"r":{"a":0,"k":0,"ix":6},"o":{"a":0,"k":100,"ix":7},"sk":{"a":0,"k":0,"ix":4},"sa":{"a":0,"k":0,"ix":5},"nm":"Transform"}],"nm":"Group 6","np":1,"cix":2,"bm":0,"ix":6,"mn":"ADBE Vector Group","hd":false}],"ip":0,"op":301,"st":0,"bm":0},{"ddd":0,"ind":3,"ty":4,"nm":"Isolation Mode 2","sr":1,"ks":{"o":{"a":0,"k":100,"ix":11},"r":{"a":1,"k":[{"i":{"x":[0.833],"y":[0.833]},"o":{"x":[0.167],"y":[0.167]},"t":0,"s":[0]},{"t":300,"s":[360]}],"ix":10},"p":{"a":1,"k":[{"i":{"x":0.667,"y":1},"o":{"x":0.333,"y":0},"t":0,"s":[317.073,502.776,0],"to":[0,0,0],"ti":[0,0,0]},{"i":{"x":0.667,"y":1},"o":{"x":0.333,"y":0},"t":88,"s":[317.073,512.776,0],"to":[0,0,0],"ti":[0,0,0]},{"i":{"x":0.667,"y":1},"o":{"x":0.333,"y":0},"t":196,"s":[317.073,490.776,0],"to":[0,0,0],"ti":[0,0,0]},{"t":300,"s":[317.073,502.776,0]}],"ix":2},"a":{"a":0,"k":[-56.008,94.62,0],"ix":1},"s":{"a":0,"k":[100,100,100],"ix":6}},"ao":0,"shapes":[{"ty":"gr","it":[{"ind":0,"ty":"sh","ix":1,"ks":{"a":0,"k":{"i":[[5.174,0],[6.394,-4.156],[3.297,-13.131],[-0.736,-4.348],[-3.238,-4.319],[-16.391,5.466],[0,0],[0.742,17.069],[13.453,6.843]],"o":[[-7.151,0],[-9.922,6.449],[-1.447,5.764],[0.764,4.526],[10.338,13.792],[0,0],[16.554,-5.522],[-0.682,-15.774],[-4.456,-2.267]],"v":[[-47.319,53.66],[-68.251,59.944],[-89.051,90.754],[-90.108,105.782],[-83.99,119.301],[-37.108,133.901],[-37.108,133.901],[-9.373,94.274],[-32.641,57.041]],"c":true},"ix":2},"nm":"Path 1","mn":"ADBE Vector Shape - Group","hd":false},{"ind":1,"ty":"sh","ix":2,"ks":{"a":0,"k":{"i":[[5.004,0],[9.184,12.252],[0.945,5.585],[-1.678,6.689],[-11.338,7.369],[-12.726,-6.471],[-0.789,-18.171],[19.311,-6.442]],"o":[[-15.222,0],[-3.881,-5.176],[-0.894,-5.291],[3.709,-14.77],[13.01,-8.455],[15.591,7.931],[0.866,19.976],[-4.784,1.597]],"v":[[-49.761,142.68],[-89.404,123.358],[-96.78,106.91],[-95.615,89.107],[-71.938,54.27],[-29.573,51.011],[-2.611,93.979],[-34.968,140.319]],"c":true},"ix":2},"nm":"Path 2","mn":"ADBE Vector Shape - Group","hd":false},{"ind":2,"ty":"sh","ix":3,"ks":{"a":0,"k":{"i":[[-6.471,0],[-0.894,-0.086],[-6.354,-5.85],[-1.52,-12.475],[-19.708,3.87],[-0.141,1.244],[-3.5,9.158],[-10.922,3.698],[-13.856,-5.753],[-5.771,18.258],[4.284,19.474],[-15.759,12.829],[15.955,16.135],[37.307,18.829],[2.324,10.151],[4.511,-1.295],[10.488,-4.449],[18.8,-22.067],[14.325,3.652],[3.321,-18.157],[-8.032,-3.819],[-2.535,-7.81],[1.17,-6.319],[10.48,-9.517],[-15.008,-11.543],[-9.03,3.414]],"o":[[0.887,0],[6.933,0.663],[9.33,8.587],[18.527,-0.659],[0.148,-1.258],[1.141,-10.118],[4.889,-12.79],[13.763,-4.652],[9.272,-15.732],[-20.256,-6.449],[-4.339,-19.728],[-12.195,-16.723],[-8.73,9.074],[-13.77,-6.946],[-4.605,1.348],[-17.001,4.883],[3.971,10.667],[-12.431,14.591],[-7.048,18.016],[9.169,1.696],[10.992,5.226],[1.451,4.475],[-2.548,13.794],[9.638,11.84],[6.619,-8.156],[5.445,-2.057]],"v":[[-99.757,191.733],[-97.084,191.859],[-76.77,201.814],[-59.873,234.721],[-2.961,227.979],[-2.532,224.224],[3.188,195.389],[28.069,169.446],[70.212,175.252],[93.12,123.487],[52.458,80.786],[71.773,26.345],[29.869,-22.567],[-41.709,-11.546],[-69.985,-44.515],[-83.695,-40.552],[-127.33,-26.585],[-136.211,30.922],[-189.85,42.619],[-205.463,97.086],[-179.562,105.388],[-159.458,124.758],[-159.044,140.579],[-179.439,176.981],[-142.737,211.802],[-117.917,195.924]],"c":true},"ix":2},"nm":"Path 3","mn":"ADBE Vector Shape - Group","hd":false},{"ind":3,"ty":"sh","ix":4,"ks":{"a":0,"k":{"i":[[0.031,0],[0.103,1.793],[8.863,8.16],[6.889,0.659],[5.729,-2.167],[5.629,-8.479],[0.918,-0.159],[0.744,0.56],[10.882,13.926],[-1.427,1.163],[-2.465,13.327],[1.09,3.361],[9.094,4.323],[9.777,1.502],[0.531,0.733],[-0.152,0.894],[-8.246,20.489],[-1.702,-0.597],[-11.081,13.004],[3.117,7.083],[-1.656,0.784],[-18.937,5.436],[-5.949,1.767],[-0.879,-0.868],[0.335,-1.185],[-15.475,-7.81],[-6.218,7.481],[-0.949,0.044],[-0.674,-0.67],[-13.517,-18.869],[0.148,-0.888],[0.736,-0.52],[-4.015,-18.252],[-19.426,-4.956],[-0.454,-0.804],[0.266,-0.883],[10.779,-17.743],[1.548,0.668],[12.411,-4.202],[4.105,-10.739],[1.092,-9.678],[0.258,-2.103],[1.425,-0.291],[20.716,-0.537]],"o":[[-1.786,0],[-0.68,-11.926],[-3.669,-3.376],[-5.982,-0.575],[-8.986,3.396],[-0.516,0.778],[-0.929,0.159],[-17.847,-13.426],[-1.134,-1.451],[10.6,-8.645],[0.953,-5.169],[-1.903,-5.861],[-8.427,-4.006],[-0.896,-0.136],[-0.531,-0.736],[3.519,-20.686],[0.676,-1.681],[10.951,3.845],[18.43,-21.633],[-0.738,-1.678],[10.748,-5.081],[5.83,-1.674],[1.185,-0.343],[0.876,0.866],[-1.018,3.612],[36.455,18.393],[0.608,-0.731],[0.965,-0.033],[18.155,18.109],[0.524,0.731],[-0.15,0.887],[-15.402,10.913],[3.987,18.12],[0.892,0.227],[0.454,0.802],[-6.306,20.921],[-0.872,1.436],[-14.019,-5.964],[-8.876,3.004],[-3.194,8.356],[-0.231,2.064],[-0.178,1.445],[-22.113,4.471],[-0.031,0.002]],"v":[[-62.959,241.584],[-66.335,238.395],[-81.352,206.792],[-97.729,198.594],[-115.525,202.255],[-139.232,218.445],[-141.479,219.909],[-144.084,219.277],[-186.779,178.628],[-186.253,173.924],[-165.695,139.349],[-165.893,126.846],[-182.467,111.497],[-209.901,103.196],[-212.132,101.833],[-212.722,99.285],[-194.99,37.23],[-190.731,35.301],[-141.36,26.535],[-134.786,-26.979],[-133.136,-31.401],[-85.563,-47.054],[-67.815,-52.208],[-64.476,-51.371],[-63.597,-48.046],[-38.661,-17.585],[27.142,-29.65],[29.585,-30.866],[32.133,-29.884],[79.2,25.07],[79.786,27.599],[78.405,29.799],[59.065,79.332],[98.207,117.911],[100.315,119.525],[100.61,122.164],[74.498,181.265],[70.282,182.621],[30.241,175.855],[9.509,197.805],[4.19,224.982],[3.466,231.232],[0.779,234.135],[-62.868,241.582]],"c":true},"ix":2},"nm":"Path 4","mn":"ADBE Vector Shape - Group","hd":false},{"ty":"fl","c":{"a":0,"k":[0,0,0,1],"ix":4},"o":{"a":0,"k":100,"ix":5},"r":1,"bm":0,"nm":"Fill 1","mn":"ADBE Vector Graphic - Fill","hd":false},{"ty":"tr","p":{"a":0,"k":[0,0],"ix":2},"a":{"a":0,"k":[0,0],"ix":1},"s":{"a":0,"k":[100,100],"ix":3},"r":{"a":0,"k":0,"ix":6},"o":{"a":0,"k":100,"ix":7},"sk":{"a":0,"k":0,"ix":4},"sa":{"a":0,"k":0,"ix":5},"nm":"Transform"}],"nm":"Group 1","np":5,"cix":2,"bm":0,"ix":1,"mn":"ADBE Vector Group","hd":false},{"ty":"gr","it":[{"ind":0,"ty":"sh","ix":1,"ks":{"a":0,"k":{"i":[[17.94,-5.984],[11.251,15.009],[0.919,5.44],[-1.346,5.36],[-11.409,7.416],[-12.145,-6.178],[-0.701,-16.153]],"o":[[-17.94,5.984],[-3.325,-4.437],[-0.921,-5.447],[3.282,-13.07],[11.409,-7.416],[15.075,7.668],[0.809,18.64]],"v":[[-36.038,137.111],[-86.696,121.329],[-93.444,106.346],[-92.333,89.932],[-70.094,57.107],[-31.107,54.026],[-5.992,94.127]],"c":true},"ix":2},"nm":"Path 1","mn":"ADBE Vector Shape - Group","hd":false},{"ind":1,"ty":"sh","ix":2,"ks":{"a":0,"k":{"i":[[4.307,19.585],[-16.516,11.702],[16.948,16.903],[37.131,18.734],[-1.687,5.976],[13.721,-6.486],[17.435,-20.462],[11.609,4.08],[3.547,-20.84],[-8.892,-4.227],[-2.655,-8.184],[0.868,-4.693],[11.279,-9.198],[-15.535,-11.688],[-9.321,3.525],[-6.6,-0.633],[-5.091,-4.687],[-0.729,-12.763],[-20.588,4.165],[-4.044,10.582],[-10.856,3.676],[-13.488,-5.738],[-6.26,20.78]],"o":[[-4.308,-19.585],[-14.008,-19.556],[-7.974,9.596],[-16.285,-8.217],[-25.381,7.528],[5.696,12.944],[-12.319,14.457],[-8.079,20.074],[9.911,1.52],[7.856,3.735],[1.473,4.544],[-2.623,14.189],[12.001,15.354],[6.191,-9.327],[6.19,-2.341],[6.936,0.665],[9.481,8.729],[21.574,-0.56],[1.493,-12.14],[4.045,-10.582],[13.895,-4.704],[10.646,-17.523],[-20.45,-5.216]],"v":[[55.762,80.059],[76.45,27.039],[29.743,-27.487],[-40.186,-14.566],[-66.854,-48.964],[-131.69,-28.342],[-138.785,28.728],[-191.851,38.491],[-209.388,99.853],[-181.016,108.441],[-162.676,125.801],[-162.37,139.963],[-184.115,176.546],[-142.052,216.574],[-116.721,199.089],[-97.408,195.225],[-79.061,204.302],[-62.957,238.2],[0.107,230.819],[6.349,196.596],[29.154,172.651],[71.605,179.51],[97.37,121.188]],"c":true},"ix":2},"nm":"Path 2","mn":"ADBE Vector Shape - Group","hd":false},{"ty":"fl","c":{"a":0,"k":[0.019607843831,0.768627464771,0,1],"ix":4},"o":{"a":0,"k":100,"ix":5},"r":1,"bm":0,"nm":"Fill 1","mn":"ADBE Vector Graphic - Fill","hd":false},{"ty":"tr","p":{"a":0,"k":[0,0],"ix":2},"a":{"a":0,"k":[0,0],"ix":1},"s":{"a":0,"k":[100,100],"ix":3},"r":{"a":0,"k":0,"ix":6},"o":{"a":0,"k":100,"ix":7},"sk":{"a":0,"k":0,"ix":4},"sa":{"a":0,"k":0,"ix":5},"nm":"Transform"}],"nm":"Group 2","np":3,"cix":2,"bm":0,"ix":2,"mn":"ADBE Vector Group","hd":false}],"ip":0,"op":301,"st":0,"bm":0}],"markers":[]}